<?xml version="1.0" encoding="UTF-8"?>
<beans xmlns:xsi="http://www.w3.org/2001/XMLSchema-instance"
	xmlns="http://www.springframework.org/schema/beans"
	xsi:schemaLocation="http://www.springframework.org/schema/beans http://www.springframework.org/schema/beans/spring-beans.xsd">

	<bean id="oracleOMSNamedQueries"
		class="com.shinhan.auth.common.OracleOMSNamedQueries"
		lazy-init="true">
		<constructor-arg>
			<map>
				<!-- Document MetaData Model -->
				<entry key="getAllMetadata">
					<value>
						<![CDATA[
							Select tm.ID, tm.SERVICENAME, tm.LOOKUPCODE, tm.LOOKUPCODEID, tm.LANGUAGE, tm.VALUE, tm.ORDERBY, tm.ISSHOW from OMS_METADATA tm 
							where tm.SERVICENAME != :SERVICENAME
							group by tm.SERVICENAME, tm.LOOKUPCODE, tm.ORDERBY, tm.ID, tm.LOOKUPCODEID, tm.LANGUAGE, tm.VALUE, tm.ISSHOW 
							order by tm.SERVICENAME, tm.LOOKUPCODE,tm.ORDERBY, tm.VALUE 
						]]>
					</value>
				</entry>
				
				<entry key="getAllMetadataByAdmin">
					<value>
						<![CDATA[
							Select tm.ID, tm.SERVICENAME, tm.LOOKUPCODE, tm.LOOKUPCODEID, tm.LANGUAGE, tm.VALUE, tm.ORDERBY, tm.ISSHOW from OMS_METADATA tm 
							group by tm.SERVICENAME, tm.LOOKUPCODE, tm.ORDERBY, tm.ID, tm.LOOKUPCODEID, tm.LANGUAGE, tm.VALUE, tm.ISSHOW 
							order by tm.SERVICENAME, tm.LOOKUPCODE,tm.ORDERBY, tm.VALUE 
						]]>
					</value>
				</entry>

				<entry key="getMetadataByLookupCode">
					<value>
						<![CDATA[
							Select tm.ID, tm.SERVICENAME, tm.LOOKUPCODE, tm.LOOKUPCODEID, tm.LANGUAGE, tm.VALUE, tm.ORDERBY, tm.ISSHOW from OMS_METADATA tm 
							where tm.LOOKUPCODE = :LOOKUPCODE 
							group by tm.SERVICENAME, tm.LOOKUPCODE, tm.ORDERBY, tm.ID, tm.LOOKUPCODEID, tm.LANGUAGE, tm.VALUE, tm.ISSHOW 
							order by tm.SERVICENAME, tm.LOOKUPCODE, tm.ORDERBY, tm.VALUE
						]]>
					</value>
				</entry>
				
				<entry key="getMetadataByLookupCodeAndId">
					<value>
						<![CDATA[
							Select tm.ID, tm.SERVICENAME, tm.LOOKUPCODE, tm.LOOKUPCODEID, tm.LANGUAGE, tm.VALUE, tm.ORDERBY, tm.ISSHOW from OMS_METADATA tm 
							where tm.LOOKUPCODE = :LOOKUPCODE and tm.LOOKUPCODEID = :LOOKUPCODEID 
						]]>
					</value>
				</entry>

			</map>
		</constructor-arg>
	</bean>

</beans>